{
    "task_index": {
        "min": [
            0
        ],
        "max": [
            0
        ],
        "mean": [
            0.0
        ],
        "std": [
            0.0
        ],
        "count": [
            1538
        ],
        "q01": [
            3.999999999999417e-16
        ],
        "q10": [
            3.999999999999417e-15
        ],
        "q50": [
            1.9999999999997088e-14
        ],
        "q90": [
            3.599999999999476e-14
        ],
        "q99": [
            3.9599999999994235e-14
        ]
    },
    "episode_index": {
        "min": [
            0
        ],
        "max": [
            3
        ],
        "mean": [
            1.306892067620286
        ],
        "std": [
            1.0235036793234173
        ],
        "count": [
            1538
        ],
        "q01": [
            1.3068920676202864
        ],
        "q10": [
            1.30689206762029
        ],
        "q50": [
            1.3068920676203062
        ],
        "q90": [
            1.306892067620322
        ],
        "q99": [
            1.3068920676203257
        ]
    },
    "timestamp": {
        "min": [
            0.0
        ],
        "max": [
            15.0
        ],
        "mean": [
            6.783376679670568
        ],
        "std": [
            4.199896147892738
        ],
        "count": [
            1538
        ],
        "q01": [
            0.12379322877048546
        ],
        "q10": [
            1.3530070610382865
        ],
        "q50": [
            6.783853641092336
        ],
        "q90": [
            12.21374629830285
        ],
        "q99": [
            13.442960130570652
        ]
    },
    "observation.images.wrist": {
        "min": [
            [
                [
                    0.0
                ]
            ],
            [
                [
                    0.0
                ]
            ],
            [
                [
                    0.0
                ]
            ]
        ],
        "max": [
            [
                [
                    1.0
                ]
            ],
            [
                [
                    1.0
                ]
            ],
            [
                [
                    1.0
                ]
            ]
        ],
        "mean": [
            [
                [
                    0.5888356750408497
                ]
            ],
            [
                [
                    0.5941589629289216
                ]
            ],
            [
                [
                    0.5969781760620916
                ]
            ]
        ],
        "std": [
            [
                [
                    0.0018301561144277417
                ]
            ],
            [
                [
                    0.0024109379621507897
                ]
            ],
            [
                [
                    0.004034680574716746
                ]
            ]
        ],
        "count": [
            400
        ],
        "q01": [
            [
                [
                    0.06866224015627358
                ]
            ],
            [
                [
                    0.08426796294135591
                ]
            ],
            [
                [
                    0.07549380945615793
                ]
            ]
        ],
        "q10": [
            [
                [
                    0.3803983721224654
                ]
            ],
            [
                [
                    0.3833299308379439
                ]
            ],
            [
                [
                    0.3402515786706834
                ]
            ]
        ],
        "q50": [
            [
                [
                    0.625493121807008
                ]
            ],
            [
                [
                    0.6362616483089788
                ]
            ],
            [
                [
                    0.6441849152578457
                ]
            ]
        ],
        "q90": [
            [
                [
                    0.7304555752245608
                ]
            ],
            [
                [
                    0.7225112901086788
                ]
            ],
            [
                [
                    0.7313739167760772
                ]
            ]
        ],
        "q99": [
            [
                [
                    0.8695763726748952
                ]
            ],
            [
                [
                    0.8832930374455157
                ]
            ],
            [
                [
                    0.8990843369545246
                ]
            ]
        ]
    },
    "frame_index": {
        "min": [
            0
        ],
        "max": [
            450
        ],
        "mean": [
            203.50130039011702
        ],
        "std": [
            125.9968844367821
        ],
        "count": [
            1538
        ],
        "q01": [
            3.713796865961643
        ],
        "q10": [
            40.590211833470015
        ],
        "q50": [
            203.5190071521457
        ],
        "q90": [
            366.41238894676405
        ],
        "q99": [
            403.2888039142725
        ]
    },
    "observation.images.overhead_zed": {
        "min": [
            [
                [
                    0.0
                ]
            ],
            [
                [
                    0.0
                ]
            ],
            [
                [
                    0.0
                ]
            ]
        ],
        "max": [
            [
                [
                    1.0
                ]
            ],
            [
                [
                    1.0
                ]
            ],
            [
                [
                    1.0
                ]
            ]
        ],
        "mean": [
            [
                [
                    0.44006317544748397
                ]
            ],
            [
                [
                    0.36011747943858397
                ]
            ],
            [
                [
                    0.31025491437709835
                ]
            ]
        ],
        "std": [
            [
                [
                    0.008350757729255004
                ]
            ],
            [
                [
                    0.01079201945031887
                ]
            ],
            [
                [
                    0.011349361281129745
                ]
            ]
        ],
        "count": [
            400
        ],
        "q01": [
            [
                [
                    0.00780208018031216
                ]
            ],
            [
                [
                    -3.9215686274509807e-13
                ]
            ],
            [
                [
                    0.007942104298055572
                ]
            ]
        ],
        "q10": [
            [
                [
                    0.12552687524636447
                ]
            ],
            [
                [
                    0.05488253814070714
                ]
            ],
            [
                [
                    0.07644142157570089
                ]
            ]
        ],
        "q50": [
            [
                [
                    0.4323555399042405
                ]
            ],
            [
                [
                    0.38719638777178084
                ]
            ],
            [
                [
                    0.21667426081221983
                ]
            ]
        ],