{
    "action": {
        "min": [
            -23.47252655029297,
            -110.19779968261719,
            4.175824165344238,
            -99.64835357666016,
            -22.0219783782959,
            2.2328548431396484
        ],
        "max": [
            1.7582417726516724,
            29.318681716918945,
            99.12088012695312,
            72.57142639160156,
            10.065934181213379,
            32.615631103515625
        ],
        "mean": [
            -15.25214958190918,
            -68.58000183105469,
            69.079833984375,
            -29.37351417541504,
            0.8135086297988892,
            14.728282928466797
        ],
        "std": [
            6.80225944519043,
            47.692195892333984,
            30.61946678161621,
            63.37042236328125,
            8.250597953796387,
            10.499455451965332
        ],
        "count": [
            475
        ],
        "q01": [
            -23.47252655029297,
            -106.06778818368912,
            4.531868100166321,
            -99.38879585266113,
            -22.0219783782959,
            2.4743979573249817
        ],
        "q10": [
            -23.29739047741068,
            -106.04914629459381,
            35.28146033451475,
            -99.20384216308594,
            -11.121714115142822,
            4.865248429970663
        ],
        "q50": [
            -13.010588884353638,
            -105.44128499712262,
            80.31225967407227,
            -36.52980422973633,
            5.495814085006714,
            16.82722043991089
        ],
        "q90": [
            -8.351727962493896,
            -8.056571628736412,
            98.67909094182457,
            54.98778533935547,
            6.281166076660156,
            32.532458543777466
        ],
        "q99": [
            1.7542462597290676,
            27.81888198852539,
            98.68404096510352,
            72.3173999786377,
            9.887847900390625,
            32.61469997898225
        ]
    },
    "observation.state": {
        "min": [
            -23.03296661376953,
            -106.54945373535156,
            7.4285712242126465,
            -98.19779968261719,
            -21.494504928588867,
            2.644526481628418
        ],
        "max": [
            1.3186813592910767,
            25.670330047607422,
            96.83516693115234,
            72.17582702636719,
            9.450549125671387,
            32.34932327270508
        ],
        "mean": [
            -14.915688514709473,
            -68.6512222290039,
            68.76689147949219,
            -29.180517196655273,
            0.8346109986305237,
            14.995165824890137
        ],
        "std": [
            6.773397922515869,
            47.96022415161133,
            29.39063835144043,
            63.401973724365234,
            8.224327087402344,
            10.220181465148926
        ],
        "count": [
            475
        ],
        "q01": [
            -23.03296661376953,
            -106.54945373535156,
            7.4285712242126465,
            -98.19779968261719,
            -21.494504928588867,
            2.644526481628418
        ],
        "q10": [
            -23.03296661376953,
            -106.54945373535156,
            35.46946016947428,
            -98.19779968261719,
            -11.298110008239746,
            5.408151102917535
        ],
        "q50": [
            -12.569570998350779,
            -106.02361501373859,
            81.35888671875,
            -33.745460510253906,
            5.9296671716790454,
            16.978278732299806
        ],
        "q90": [
            -7.915219926834107,
            -7.89603759765625,
            96.83114106960207,
            54.508079528808594,
            6.0272510051727295,
            32.34534967449349
        ],
        "q99": [
            1.0538570880889893,
            25.41250991821289,
            96.83476434499731,
            72.16110714999112,
            9.006486892700195,
            32.34892591288392
        ]
    },
    "observation.images.wrist": {
        "min": [
            [
                [
                    0.0
                ]
            ],
            [
                [
                    0.011764705882352941
                ]
            ],
            [
                [
                    0.0
                ]
            ]
        ],
        "max": [
            [
                [
                    1.0
                ]
            ],
            [
                [
                    1.0
                ]
            ],
            [
                [
                    1.0
                ]
            ]
        ],
        "mean": [
            [
                [
                    0.5194235059535366
                ]
            ],
            [
                [
                    0.5002361798679869
                ]
            ],
            [
                [
                    0.4267702671002394
                ]
            ]
        ],
        "std": [
            [
                [
                    0.0
                ]
            ],
            [
                [
                    0.0
                ]
            ],
            [
                [
                    0.0
                ]
            ]
        ],
        "count": [
            101
        ],
        "q01": [
            [
                [
                    0.07845371100719895
                ]
            ],
            [
                [
                    0.09795203630719074
                ]
            ],
            [
                [
                    0.07851210741356317
                ]
            ]
        ],
        "q10": [
            [
                [
                    0.29011377477025585
                ]
            ],
            [
                [
                    0.29403379045631983
                ]
            ],
            [
                [
                    0.21564181047211692
                ]
            ]
        ],
        "q50": [
            [
                [
                    0.529546946878446
                ]
            ],
            [
                [
                    0.4822043709933655
                ]
            ],
            [
                [
                    0.38031907399082554
                ]
            ]
        ],
        "q90": [
            [
                [
                    0.7491606506101421
                ]
            ],
            [
                [
                    0.7608444955455256
                ]
            ],
            [
                [
                    0.7491827811115963
                ]
            ]
        ],
        "q99": [
            [
                [
                    0.9136915601026262
                ]
            ],
            [
                [
                    0.9412531273522964
                ]
            ],
            [
                [
                    0.9450550448433983
                ]
            ]
        ]
    },
    "observation.images.overhead_zed": {
        "min": [
            [
                [
                    0.0
                ]
            ],
            [
                [
                    0.0
                ]
            ],
            [
                [
                    0.0
                ]
            ]
        ],
        "max": [
            [
                [
                    1.0
                ]
            ],
            [
                [
                    1.0
                ]
            ],
            [
                [
                    1.0
                ]
            ]
        ],