{
    "action": {
        "min": [
            -8.439560890197754,
            -108.96703338623047,
            -3.912087917327881,
            -99.03296661376953,
            -1.4505494832992554,
            16.985645294189453
        ],
        "max": [
            -8.175824165344238,
            -53.31867980957031,
            98.4175796508789,
            2.5054945945739746,
            -0.6593406796455383,
            28.229665756225586
        ],
        "mean": [
            -8.3426513671875,
            -102.75041198730469,
            84.16129302978516,
            -72.06484985351562,
            -1.1677595376968384,
            25.481775283813477
        ],
        "std": [
            0.07694420218467712,
            10.445496559143066,
            26.791231155395508,
            37.076568603515625,
            0.21248623728752136,
            4.7016777992248535
        ],
        "count": [
            323
        ],
        "q01": [
            -8.439560890197754,
            -107.47309616088867,
            -2.3315040040016175,
            -99.03296661376953,
            -1.4505494832992554,
            16.985645294189453
        ],
        "q10": [
            -8.439560890197754,
            -106.07328096025445,
            38.80645561218262,
            -98.94688064575195,
            -1.3626614166157587,
            17.065344124455606
        ],
        "q50": [
            -8.351649279446946,
            -105.80228560074517,
            98.32075389680408,
            -92.33952287314595,
            -1.2746148096571723,
            28.149464075682594
        ],
        "q90": [
            -8.263713733673097,
            -100.79006500244141,
            98.33334761483329,
            -5.671399307250977,
            -0.7472837592874254,
            28.22784987926483
        ],
        "q99": [
            -8.263701535415649,
            -55.42474712371826,
            98.40931502342224,
            2.3414757792154948,
            -0.6594258710741997,
            28.22948416852951
        ]
    },
    "observation.state": {
        "min": [
            -8.087912559509277,
            -106.63735961914062,
            -1.9780219793319702,
            -98.19779968261719,
            -1.186813235282898,
            17.34317398071289
        ],
        "max": [
            -7.912087917327881,
            -57.14285659790039,
            96.83516693115234,
            2.0219781398773193,
            -1.0109890699386597,
            28.228782653808594
        ],
        "mean": [
            -7.994557857513428,
            -103.3436279296875,
            83.42996215820312,
            -71.74614715576172,
            -1.1217657327651978,
            25.71018409729004
        ],
        "std": [
            0.04736076295375824,
            10.03553295135498,
            25.934770584106445,
            36.72608184814453,
            0.06523718684911728,
            4.535262107849121
        ],
        "count": [
            323
        ],
        "q01": [
            -8.087912559509277,
            -106.63735961914062,
            -0.8470062458515167,
            -98.19779968261719,
            -1.186813235282898,
            17.34317398071289
        ],
        "q10": [
            -8.087912559509277,
            -106.46710920038912,
            39.25276679992676,
            -98.19779968261719,
            -1.186813235282898,
            17.34317398071289
        ],
        "q50": [
            -7.999981075395143,
            -106.37656679089437,
            96.82046065791961,
            -91.87028642134233,
            -1.0988955773958347,
            28.227330298463176
        ],
        "q90": [
            -7.912107912699382,
            -102.15612869262695,
            96.8322256765058,
            -5.010643615722656,
            -1.0110086541751335,
            28.22849218273951
        ],
        "q99": [
            -7.912089916865031,
            -58.372596168518065,
            96.8348728056877,
            2.0111897925535835,
            -1.0109910283623071,
            28.228753606701684
        ]
    },
    "observation.images.overhead_zed": {
        "min": [
            [
                [
                    0.0
                ]
            ],
            [
                [
                    0.0
                ]
            ],
            [
                [
                    0.0
                ]
            ]
        ],
        "max": [
            [
                [
                    0.9725490196078431
                ]
            ],
            [
                [
                    1.0
                ]
            ],
            [
                [
                    0.9686274509803922
                ]
            ]
        ],
        "mean": [
            [
                [
                    0.27114134731906947
                ]
            ],
            [
                [
                    0.19957948924250551
                ]
            ],
            [
                [
                    0.15041187396944594
                ]
            ]
        ],
        "std": [
            [
                [
                    0.0
                ]
            ],
            [
                [
                    0.0
                ]
            ],
            [
                [
                    0.0
                ]
            ]
        ],
        "count": [
            100
        ],
        "q01": [
            [
                [
                    -3.9215686274509807e-13
                ]
            ],
            [
                [
                    -3.9215686274509807e-13
                ]
            ],
            [
                [
                    -3.9215686274509807e-13
                ]
            ]
        ],
        "q10": [
            [
                [
                    0.023533833799813563
                ]
            ],
            [
                [
                    -3.9215686274509807e-13
                ]
            ],
            [
                [
                    0.01565288029556292
                ]
            ]
        ],
        "q50": [
            [
                [
                    0.26277328871225325
                ]
            ],
            [
                [
                    0.15291584109830547
                ]
            ],
            [
                [
                    0.07440351392251061
                ]
            ]
        ],
        "q90": [
            [
                [
                    0.50969788235296
                ]
            ],
            [
                [
                    0.47049826187714944
                ]
            ],
            [
                [
                    0.4079415727992706
                ]
            ]
        ],
        "q99": [
            [
                [
                    0.662707762113252
                ]
            ],
            [
                [
                    0.6470707762558231
                ]
            ],
            [
                [
                    0.5881787830250312
                ]
            ]
        ]
    },
    "timestamp": {
        "min": [
            0.0
        ],
        "max": [
            10.733333333333333
        ],
        "mean": [
            5.366666666666667
        ],
        "std": [
            3.1080540535840093
        ],
        "count": [
            323
        ],
        "q01": [
            0.0992403999018492
        ],
        "q10": [
            1.0653906665865187
        ],
        "q50": [
            5.36774000000002
        ],
        "q90": [
            9.667942666746814
        ],
        "q99": [
            10.634092933431484
        ]
    },
    "frame_index": {
        "min": [
            0
        ],
        "max": [
            322
        ],
        "mean": [
            161.0
        ],
        "std": [
            93.24162160752032
        ],