{
    "action": {
        "min": [
            -10.98901081085205,
            -107.20879364013672,
            3.7362637519836426,
            -91.47252655029297,
            -18.593406677246094,
            0.4784688949584961
        ],
        "max": [
            -3.604395627975464,
            -38.63736343383789,
            98.68132019042969,
            64.83516693115234,
            11.648351669311523,
            31.73843765258789
        ],
        "mean": [
            -9.280492782592773,
            -99.40914154052734,
            74.58414459228516,
            -19.20527458190918,
            -4.296063423156738,
            23.863155364990234
        ],
        "std": [
            2.1037867069244385,
            19.26523780822754,
            35.902156829833984,
            68.56753540039062,
            12.156928062438965,
            13.139241218566895
        ],
        "count": [
            449
        ],
        "q01": [
            -10.98901081085205,
            -107.20879364013672,
            3.7362637519836426,
            -91.3008992767334,
            -18.50422402381897,
            0.8725001684367657
        ],
        "q10": [
            -10.901514687904944,
            -107.20879364013672,
            4.798698830604553,
            -83.39266906738281,
            -18.15193693161011,
            0.8750265979170799
        ],
        "q50": [
            -10.549497977547023,
            -107.20879364013672,
            98.59127801259359,
            -65.97874069213867,
            -9.80078379313151,
            31.658909801561006
        ],
        "q90": [
            -7.912432765960693,
            -66.16056976318359,
            98.67658334943984,
            61.067807749155406,
            11.386866988874461,
            31.732589157422385
        ],
        "q99": [
            -3.6047272151708603,
            -38.64209998204158,
            98.6808465063307,
            64.7466862487793,
            11.470837251663209,
            31.73785280307134
        ]
    },
    "observation.state": {
        "min": [
            -10.637362480163574,
            -108.83516693115234,
            3.7362637519836426,
            -90.37362670898438,
            -18.153846740722656,
            1.7220171689987183
        ],
        "max": [
            -0.8791208863258362,
            -38.593406677246094,
            97.80220031738281,
            64.61538696289062,
            11.20879077911377,
            31.426815032958984
        ],
        "mean": [
            -8.986242294311523,
            -99.68267822265625,
            74.00902557373047,
            -18.120126724243164,
            -4.492242813110352,
            24.103200912475586
        ],
        "std": [
            2.0912177562713623,
            19.292516708374023,
            34.99706268310547,
            68.87218475341797,
            11.948128700256348,
            12.56019401550293
        ],
        "count": [
            449
        ],
        "q01": [
            -10.637362480163574,
            -107.34594412100262,
            3.825532307624817,
            -90.37362670898438,
            -18.153846740722656,
            1.7220171689987183
        ],
        "q10": [
            -10.549074747803015,
            -107.34337585242086,
            5.766206550598144,
            -83.15423812866212,
            -18.153846740722656,
            1.7220171689987183
        ],
        "q50": [
            -10.460182957532929,
            -107.26154861450195,
            96.82826422028623,
            -62.67708969116211,
            -9.538180133752656,
            31.4227608011124
        ],
        "q90": [
            -6.066406631469727,
            -67.08206024169922,
            96.8425762532121,
            61.293133267489345,
            11.20634885099199,
            31.42600418658967
        ],
        "q99": [
            -3.954950262228648,
            -38.59711639853085,
            97.53856227874756,
            64.60544783455985,
            11.208546586301592,
            31.426733948322052
        ]
    },
    "timestamp": {
        "min": [
            0.0
        ],
        "max": [
            14.933333333333334
        ],
        "mean": [
            7.466666666666667
        ],
        "std": [
            4.320493798938572
        ],
        "count": [
            449
        ],
        "q01": [
            0.13287679990177959
        ],
        "q10": [
            1.4691413332530092
        ],
        "q50": [
            7.468160000000021
        ],
        "q90": [
            13.464192000080324
        ],
        "q99": [
            14.800456533431554
        ]
    },
    "frame_index": {
        "min": [
            0
        ],
        "max": [
            448
        ],
        "mean": [
            224.0
        ],
        "std": [
            129.6148139681572
        ],
        "count": [
            449
        ],
        "q01": [
            3.986303999901779
        ],
        "q10": [
            44.074239999919676
        ],
        "q50": [
            224.0448
        ],
        "q90": [
            403.9257600000803
        ],
        "q99": [
            444.0136960000982
        ]
    },
    "episode_index": {
        "min": [
            0
        ],
        "max": [
            0
        ],
        "mean": [
            0.0
        ],
        "std": [
            0.0
        ],
        "count": [
            449
        ],
        "q01": [
            3.9999999999994176e-16
        ],
        "q10": [
            3.999999999999418e-15
        ],
        "q50": [
            1.9999999999997088e-14
        ],
        "q90": [
            3.599999999999476e-14
        ],
        "q99": [
            3.9599999999994235e-14
        ]
    },
    "index": {
        "min": [
            0
        ],
        "max": [
            448
        ],
        "mean": [
            224.0
        ],
        "std": [
            129.6148139681572
        ],
        "count": [
            449
        ],
        "q01": [
            3.986303999901779
        ],
        "q10": [
            44.074239999919676
        ],
        "q50": [
            224.0448
        ],
        "q90": [
            403.9257600000803
        ],
        "q99": [
            444.0136960000982
        ]
    },
    "task_index": {
        "min": [
            0
        ],
        "max": [
            0
        ],
        "mean": [
            0.0
        ],
        "std": [
            0.0
        ],
        "count": [
            449
        ],
        "q01": [
            3.9999999999994176e-16
        ],
        "q10": [
            3.999999999999418e-15
        ],
        "q50": [
            1.9999999999997088e-14
        ],
        "q90": [
            3.599999999999476e-14
        ],
        "q99": [
            3.9599999999994235e-14
        ]
    }
}