{
    "action": {
        "min": [
            -19.516483306884766,
            -108.52747344970703,
            -3.5604395866394043,
            -99.20879364013672,
            -29.670330047607422,
            0.3987240791320801
        ],
        "max": [
            26.813186645507812,
            -2.857142925262451,
            97.89010620117188,
            100.87911987304688,
            7.4285712242126465,
            14.035087585449219
        ],
        "mean": [
            -3.7510387897491455,
            -55.128963470458984,
            57.19040298461914,
            13.688090324401855,
            -3.410501003265381,
            4.8247971534729
        ],
        "std": [
            17.05440902709961,
            36.081783294677734,
            29.937891006469727,
            66.81568908691406,
            8.47185230255127,
            5.791818618774414
        ],
        "count": [
            907
        ],
        "q01": [
            -19.516483306884766,
            -106.96225115458171,
            0.6410330009460449,
            -99.20879364013672,
            -28.88331356048584,
            0.7151385473240824
        ],
        "q10": [
            -19.424348565151817,
            -106.84920612970988,
            15.003486919403077,
            -98.5047639740838,
            -18.067864197178892,
            0.7159570291638374
        ],
        "q50": [
            -14.942972501118978,
            -49.1988639831543,
            52.15853779132549,
            44.50434875488281,
            -2.3332643508911133,
            0.7991367067609515
        ],
        "q90": [
            21.6286319732666,
            -18.859634854900303,
            97.71294424074506,
            85.99657897949218,
            4.609931425614791,
            13.953412532806396
        ],
        "q99": [
            26.37765332751804,
            -3.1286060333251955,
            97.79844245910644,
            100.47038540649415,
            7.421840362071991,
            14.03458271805121
        ]
    },
    "observation.state": {
        "min": [
            -18.989011764526367,
            -107.25274658203125,
            -0.8351648449897766,
            -98.10989379882812,
            -29.14285659790039,
            1.2915129661560059
        ],
        "max": [
            26.373626708984375,
            -2.6373627185821533,
            97.0988998413086,
            100.13186645507812,
            7.07692289352417,
            13.591635704040527
        ],
        "mean": [
            -3.527143716812134,
            -54.733497619628906,
            58.139678955078125,
            14.027838706970215,
            -3.4093379974365234,
            6.184614658355713
        ],
        "std": [
            17.007936477661133,
            36.35021209716797,
            29.435203552246094,
            66.69731903076172,
            8.461050987243652,
            4.899642467498779
        ],
        "count": [
            907
        ],
        "q01": [
            -18.989011764526367,
            -107.25274658203125,
            3.5536522340774535,
            -98.10989379882812,
            -28.353012218475342,
            1.2915129661560059
        ],
        "q10": [
            -18.989011764526367,
            -107.15732914186873,
            17.98188648223877,
            -98.10989379882812,
            -18.32867043018341,
            1.2915129661560059
        ],
        "q50": [
            -14.6852308511734,
            -47.56051182746887,
            52.42319283662019,
            45.199066162109375,
            -2.2413114401010366,
            4.736693224460959
        ],
        "q90": [
            22.33000259399414,
            -18.625019499834846,
            96.92789358229864,
            85.72265396118163,
            4.264639759063721,
            13.590621708523143
        ],
        "q99": [
            26.371403469910494,
            -2.6492198731005194,
            97.08274511163884,
            100.04870892611417,
            7.075097900364134,
            13.591534304488789
        ]
    },
    "observation.images.wrist": {
        "min": [
            [
                [
                    0.0
                ]
            ],
            [
                [
                    0.023529411764705882
                ]
            ],
            [
                [
                    0.00392156862745098
                ]
            ]
        ],
        "max": [
            [
                [
                    1.0
                ]
            ],
            [
                [
                    1.0
                ]
            ],
            [
                [
                    1.0
                ]
            ]
        ],
        "mean": [
            [
                [
                    0.5192602495543672
                ]
            ],
            [
                [
                    0.4748454396910279
                ]
            ],
            [
                [
                    0.38025473361061596
                ]
            ]
        ],
        "std": [
            [
                [
                    0.0
                ]
            ],
            [
                [
                    0.0
                ]
            ],
            [
                [
                    0.0
                ]
            ]
        ],
        "count": [
            165
        ],
        "q01": [
            [
                [
                    0.09002468905440482
                ]
            ],
            [
                [
                    0.10592601372376666
                ]
            ],
            [
                [
                    0.09025657604946202
                ]
            ]
        ],
        "q10": [
            [
                [
                    0.25083063238679126
                ]
            ],
            [
                [
                    0.24696236555395512
                ]
            ],
            [
                [
                    0.19598855631307668
                ]
            ]
        ],
        "q50": [
            [
                [
                    0.5450125195050612
                ]
            ],
            [
                [
                    0.4667457378831168
                ]
            ],
            [
                [
                    0.33733335127188313
                ]
            ]
        ],
        "q90": [
            [
                [
                    0.7136048472963289
                ]
            ],
            [
                [
                    0.6941370580847899
                ]
            ],
            [
                [
                    0.670564530113041
                ]
            ]
        ],
        "q99": [
            [
                [
                    0.9294640067915082
                ]
            ],
            [
                [
                    0.9488454884179403
                ]
            ],
            [
                [
                    0.9374237217909458
                ]
            ]
        ]
    },
    "observation.images.overhead_zed": {
        "min": [
            [
                [
                    0.0
                ]
            ],
            [
                [
                    0.0
                ]
            ],
            [
                [
                    0.0
                ]
            ]
        ],
        "max": [
            [
                [
                    1.0
                ]
            ],
            [
                [
                    1.0
                ]
            ],
            [
                [
                    1.0
                ]
            ]
        ],