{
    "action": {
        "min": [
            -19.076923370361328,
            -107.9120864868164,
            -38.46154022216797,
            -89.0988998413086,
            -18.681318283081055,
            0.5582137107849121
        ],
        "max": [
            29.27472496032715,
            60.70329666137695,
            98.5934066772461,
            73.45054626464844,
            26.065933227539062,
            43.38117980957031
        ],
        "mean": [
            -0.3360642194747925,
            -18.514915466308594,
            28.17988395690918,
            -0.19109311699867249,
            8.222058296203613,
            14.539371490478516
        ],
        "std": [
            18.75638771057129,
            54.17361831665039,
            42.53653335571289,
            45.36559295654297,
            10.10013484954834,
            14.676694869995117
        ],
        "count": [
            966
        ],
        "q01": [
            -18.81454803466797,
            -107.29945667811802,
            -38.013849849700925,
            -89.02902823349525,
            -17.97583320617676,
            0.7130760670832867
        ],
        "q10": [
            -15.998903547014509,
            -106.35235663519965,
            -19.83146514892578,
            -81.39031970977783,
            -1.45093994140625,
            0.720100647998306
        ],
        "q50": [
            -13.270228119783622,
            1.6541976928710938,
            18.52590560913086,
            8.686205182756696,
            8.042624648188202,
            12.839839935302734
        ],
        "q90": [
            28.65666890144348,
            47.59851837158203,
            98.3389074367947,
            50.869178771972656,
            25.27321637471517,
            42.98214157767918
        ],
        "q99": [
            29.270478000640868,
            60.35495300292969,
            98.58967808253328,
            73.37891235351563,
            26.060851182376638,
            43.378943912403
        ]
    },
    "observation.state": {
        "min": [
            -18.63736343383789,
            -107.25274658203125,
            -34.68132019042969,
            -88.96703338623047,
            -17.89011001586914,
            1.353013515472412
        ],
        "max": [
            28.923076629638672,
            59.78022003173828,
            96.74725341796875,
            73.31867980957031,
            25.626373291015625,
            42.865928649902344
        ],
        "mean": [
            -0.23688697814941406,
            -17.814130783081055,
            29.14165496826172,
            0.1788972020149231,
            8.164371490478516,
            16.150821685791016
        ],
        "std": [
            18.975561141967773,
            54.59218978881836,
            41.54364776611328,
            45.35492706298828,
            10.051910400390625,
            13.102115631103516
        ],
        "count": [
            966
        ],
        "q01": [
            -18.63736343383789,
            -107.25274658203125,
            -34.68132019042969,
            -88.96703338623047,
            -16.22203525543213,
            1.353013515472412
        ],
        "q10": [
            -15.649616813659668,
            -106.48054734569484,
            -19.56177673339844,
            -81.06857157061177,
            -1.6267145429338727,
            6.699937372078184
        ],
        "q50": [
            -13.627431730206093,
            3.189453125,
            19.65125274658203,
            9.336369105747767,
            8.400259419491416,
            11.938806533813477
        ],
        "q90": [
            28.663397979736327,
            47.91419982910156,
            96.73168147736531,
            51.520451354980466,
            25.532457258436416,
            42.858955993652344
        ],
        "q99": [
            28.836455430984497,
            59.762290471394856,
            96.74569622390841,
            73.30441886901855,
            25.624995343567896,
            42.865231384277344
        ]
    },
    "observation.images.wrist": {
        "min": [
            [
                [
                    0.03137254901960784
                ]
            ],
            [
                [
                    0.047058823529411764
                ]
            ],
            [
                [
                    0.03137254901960784
                ]
            ]
        ],
        "max": [
            [
                [
                    1.0
                ]
            ],
            [
                [
                    1.0
                ]
            ],
            [
                [
                    1.0
                ]
            ]
        ],
        "mean": [
            [
                [
                    0.6158320736049718
                ]
            ],
            [
                [
                    0.6069028108353168
                ]
            ],
            [
                [
                    0.5934437455136197
                ]
            ]
        ],
        "std": [
            [
                [
                    0.0
                ]
            ],
            [
                [
                    0.0
                ]
            ],
            [
                [
                    0.0
                ]
            ]
        ],
        "count": [
            173
        ],
        "q01": [
            [
                [
                    0.11371654334657302
                ]
            ],
            [
                [
                    0.1098893077030849
                ]
            ],
            [
                [
                    0.10578970222384135
                ]
            ]
        ],
        "q10": [
            [
                [
                    0.46665320602304733
                ]
            ],
            [
                [
                    0.41959742614243734
                ]
            ],
            [
                [
                    0.33337323456050955
                ]
            ]
        ],
        "q50": [
            [
                [
                    0.6352596019568979
                ]
            ],
            [
                [
                    0.6352945593255286
                ]
            ],
            [
                [
                    0.6391610497358732
                ]
            ]
        ],
        "q90": [
            [
                [
                    0.7490934585150516
                ]
            ],
            [
                [
                    0.749032907665795
                ]
            ],
            [
                [
                    0.7685438193945494
                ]
            ]
        ],
        "q99": [
            [
                [
                    0.8393127474705476
                ]
            ],
            [
                [
                    0.8627557544759824
                ]
            ],
            [
                [
                    0.905911473523857
                ]
            ]
        ]
    },
    "observation.images.overhead_zed": {
        "min": [
            [
                [
                    0.0
                ]
            ],
            [
                [
                    0.0
                ]
            ],
            [
                [
                    0.0
                ]
            ]
        ],
        "max": [
            [
                [
                    1.0
                ]
            ],
            [
                [
                    1.0
                ]
            ],
            [
                [
                    1.0
                ]
            ]
        ],