{
    "action": {
        "min": [
            1.3186813592910767,
            -108.26373291015625,
            22.461538314819336,
            -99.56044006347656,
            -11.120879173278809,
            29.42583656311035
        ],
        "max": [
            16.439559936523438,
            -3.6483516693115234,
            99.47252655029297,
            37.05494689941406,
            25.714284896850586,
            29.5853271484375
        ],
        "mean": [
            3.178203582763672,
            -93.70866394042969,
            86.32880401611328,
            -67.2905502319336,
            4.837646961212158,
            29.576608657836914
        ],
        "std": [
            4.205813407897949,
            32.337120056152344,
            22.58839988708496,
            49.80034255981445,
            6.7025556564331055,
            0.04419417306780815
        ],
        "count": [
            600
        ],
        "q01": [
            1.3186813592910767,
            -107.04971833662553,
            22.73877716064453,
            -99.36917877197266,
            -9.883217811584473,
            29.42583656311035
        ],
        "q10": [
            1.4089640931385319,
            -106.93407363891602,
            44.87538287514135,
            -95.98009956600332,
            -8.400970458984375,
            29.58529621299501
        ],
        "q50": [
            1.7583665487530467,
            -106.85072462332992,
            98.25141347965724,
            -95.96131158080006,
            8.130525527998458,
            29.58530996208056
        ],
        "q90": [
            10.288386344909668,
            -19.82189178466797,
            98.33187654505225,
            33.639556884765625,
            8.135666054348613,
            29.58532371116611
        ],
        "q99": [
            16.351101875305176,
            -3.6514133825534727,
            98.42449391682943,
            36.877342224121094,
            23.96092987060547,
            29.585326804710363
        ]
    },
    "observation.state": {
        "min": [
            1.6703296899795532,
            -107.42857360839844,
            25.9780216217041,
            -98.989013671875,
            -9.802197456359863,
            29.335792541503906
        ],
        "max": [
            21.098901748657227,
            1.9340659379959106,
            96.74725341796875,
            45.80219650268555,
            23.69230842590332,
            29.581796646118164
        ],
        "mean": [
            3.419650077819824,
            -93.10224151611328,
            85.11924743652344,
            -66.10344696044922,
            4.49832010269165,
            29.459135055541992
        ],
        "std": [
            4.498021602630615,
            34.02955627441406,
            21.648706436157227,
            50.881717681884766,
            6.442612648010254,
            0.0
        ],
        "count": [
            600
        ],
        "q01": [
            1.6703296899795532,
            -107.34089039724111,
            25.9780216217041,
            -98.989013671875,
            -9.447155952453613,
            29.458793891019003
        ],
        "q10": [
            1.6703296899795532,
            -107.33833464915618,
            45.314353649432846,
            -95.99959067067792,
            -8.401010672251383,
            29.45879840690008
        ],
        "q50": [
            1.846181474448064,
            -107.32697576877875,
            96.73771238862798,
            -95.90314213952352,
            7.60418144094533,
            29.45881847748266
        ],
        "q90": [
            11.077644348144531,
            -13.004867553710938,
            96.7453452121006,
            35.087646484375,
            7.695245532246379,
            29.458838548065238
        ],
        "q99": [
            17.58621597290039,
            -1.4791719485551884,
            96.74706259738194,
            36.76637537339155,
            22.37932586669922,
            29.45884306394632
        ]
    },
    "observation.images.wrist": {
        "min": [
            [
                [
                    0.03137254901960784
                ]
            ],
            [
                [
                    0.0196078431372549
                ]
            ],
            [
                [
                    0.0
                ]
            ]
        ],
        "max": [
            [
                [
                    1.0
                ]
            ],
            [
                [
                    1.0
                ]
            ],
            [
                [
                    1.0
                ]
            ]
        ],
        "mean": [
            [
                [
                    0.6130229399611083
                ]
            ],
            [
                [
                    0.6121753244341814
                ]
            ],
            [
                [
                    0.6146903611651272
                ]
            ]
        ],
        "std": [
            [
                [
                    0.0
                ]
            ],
            [
                [
                    0.0
                ]
            ],
            [
                [
                    0.0
                ]
            ]
        ],
        "count": [
            121
        ],
        "q01": [
            [
                [
                    0.0823853226443608
                ]
            ],
            [
                [
                    0.0824272994218424
                ]
            ],
            [
                [
                    0.07447354533119534
                ]
            ]
        ],
        "q10": [
            [
                [
                    0.43127020090123314
                ]
            ],
            [
                [
                    0.4315414700755635
                ]
            ],
            [
                [
                    0.4197952054793891
                ]
            ]
        ],
        "q50": [
            [
                [
                    0.6273386668285699
                ]
            ],
            [
                [
                    0.6273489878002004
                ]
            ],
            [
                [
                    0.6313203265737136
                ]
            ]
        ],
        "q90": [
            [
                [
                    0.7960666453752318
                ]
            ],
            [
                [
                    0.7920944485791878
                ]
            ],
            [
                [
                    0.811607540807969
                ]
            ]
        ],
        "q99": [
            [
                [
                    0.8785034989487228
                ]
            ],
            [
                [
                    0.8940784870505937
                ]
            ],
            [
                [
                    0.9177530841124771
                ]
            ]
        ]
    },
    "observation.images.overhead_zed": {
        "min": [
            [
                [
                    0.0
                ]
            ],
            [
                [
                    0.0
                ]
            ],
            [
                [
                    0.0
                ]
            ]
        ],
        "max": [
            [
                [
                    1.0
                ]
            ],
            [
                [
                    1.0
                ]
            ],
            [
                [
                    1.0
                ]
            ]
        ],